EMAIL,LAST,FIRST
paus@mit.edu,Paus,Christoph
facosta@mit.edu,Acosta,Francisco
rbarone@mit.edu,Barone,Richard
ianbo@mit.edu,Bouche,Ian
scondon@mit.edu,Condon,Sean
matthc@mit.edu,Conover,Matthew
scuadra@mit.edu,Cuadra,Sergio
allangz@mit.edu,Garcia-Zych,Allan
gmintzer@mit.edu,Mintzer,Gabriel
kmorey@mit.edu,Morey,Karna
srijonm@mit.edu,Mukherjee,Srijon
lukeqi7@mit.edu,Qi,Luke
afura@mit.edu,Taylor,Afura
stse@mit.edu,Tse,Shiaoching
